"MSI GeForce RTX 3090 VENTUS 3X 24G OC";"от 280 990 до 294 555 р."
"Gigabyte GeForce RTX 3090 GAMING OC 24G";"от 284 000 до 297 990 р."
"Palit GeForce RTX 3090 GamingPro";"от 292 990 до 314 429 р."
"Gigabyte GeForce RTX 3090 TURBO 24G";"от 286 999 до 319 480 р."
"Asus GeForce RTX 3090 ROG STRIX OC White";302 706 р.
"Gigabyte GeForce RTX 3090 VISION OC 24G";"от 251 560 р."
"Asus GeForce RTX 3090 TURBO";285 810 р.
"Palit GeForce RTX 3090 GameRock";"от 295 990 до 322 098 р."
"Gigabyte AORUS RTX 3090 GAMING BOX";250 000 р.
"MSI GeForce RTX 3090 GAMING X TRIO";"от 329 447 до 337 436 р."
"Asus GeForce RTX 3090 ROG STRIX GAMING";302 706 р.
"EVGA GeForce RTX 3090 FTW3 ULTRA GAMING";336 700 р.
"Gigabyte GeForce RTX 3090 AORUS XTREME 24G";306 990 р.
"Asus GeForce RTX 3090 TUF GAMING OC";"от 288 354 до 310 350 р."
"Gigabyte GeForce RTX 3090 AORUS XTREME WATERFORCE WB 24G";299 990 р.
"Asus GeForce RTX 3090 EKWB";"от 351 300 р."
"Gigabyte GeForce RTX 3090 EAGLE OC 24G";299 999 р.
"ZOTAC GeForce RTX 3090 Trinity OC";281 810 р.
"Gainward GeForce RTX 3090 Phoenix";"от 265 000 р."
"Gigabyte GeForce RTX 3090 AORUS MASTER 24G";"от 261 500 р."
"Colorful GeForce RTX 3090 Advanced OC-V";"от 289 999 р."
"MSI GeForce RTX 3090 GAMING TRIO 24G";"от 294 990 р."
"EVGA GeForce RTX 3090 XC3 ULTRA GAMING";"от 261 990 р."
"ZOTAC GeForce RTX 3090 AMP Extreme Holo";"от 250 540 р."
"INNO3D GeForce RTX 3090 ICHILL X4";"от 289 999 р."
"ZOTAC GeForce RTX 3090 ArcticStorm";"от 247 302 р."
"EVGA GeForce RTX 3090 XC3 BLACK GAMING";"от 265 000 р."
"Asus GeForce RTX 3090 ROG STRIX White";"от 270 000 р."
"PNY GeForce RTX 3090 24GB XLR8 Gaming REVEL EPIC-X";"от 401 990 р."
"PNY GeForce RTX 3090 24GB XLR8 Gaming UPRISING EPIC-X";"от 478 975 р."
"Gigabyte GeForce RTX 3090 AORUS XTREME WATERFORCE 24G";"от 335 990 р."
"MSI GeForce RTX 3090 AERO 24G";"от 226 900 р."
"MSI GeForce RTX 3090 SUPRIM 24G";"от 240 460 р."
"INNO3D GeForce RTX 3090 X3";"от 249 000 р."
"INNO3D GeForce RTX 3090 ICHILL FROSTBITE";"Нет в наличии"
"KFA2 GeForce RTX 3090 39NSM5MD1GNK";"Нет в наличии"
"Palit GeForce RTX 3090 GameRock OC";"от 162 600 р."
"EVGA GeForce RTX 3090 FTW3 GAMING";"Нет в наличии"
"MSI GeForce RTX 3090 VENTUS 3X 24G";"от 162 200 р."
"ZOTAC GeForce RTX 3090 AMP Core Holo";"от 209 500 р."
"Colorful GeForce RTX 3090 Neptune OC-V";"от 272 950 р."
"INNO3D GeForce RTX 3090 ICHILL X3";"от 274 399 р."
"INNO3D GeForce RTX 3090 GAMING X3";"от 239 770 р."
"EVGA GeForce RTX 3090 XC3 GAMING";"Нет в наличии"
"Colorful GeForce RTX 3090 Vulcan OC-V";"от 272 900 р."
"KFA2 GeForce RTX 3090 39NXM5MD3BNK";"Нет в наличии"
"KFA2 GeForce RTX 3090 39NXM5MD3BLK";"Нет в наличии"
"EVGA GeForce RTX 3090 K|NGP|N HYBRID GAMING";"от 303 302 р."
"EVGA GeForce RTX 3090 XC3 ULTRA HYDRO COPPER GAMING";"Нет в наличии"
"EVGA GeForce RTX 3090 FTW3 ULTRA HYDRO COPPER GAMING";"Нет в наличии"
"EVGA GeForce RTX 3090 XC3 ULTRA HYBRID GAMING";"от 213 290 р."
"EVGA GeForce RTX 3090 FTW3 ULTRA HYBRID GAMING";"от 235 066 р."
